filename,my_socre,unet_score,unetplus_score,ege_score
ISIC_0001769,0.9225535321192716,0.9279097865485298,0.9412253374870199,0.9457983193277312
ISIC_0001852,0.9598591549295775,0.9727011494252874,0.9362670713201822,0.9412169130285322
ISIC_0001871,0.9379045792375929,0.9133858267716535,0.9574517554057196,0.9353562005277044
ISIC_0003462,0.9223150727329,0.9173630454967502,0.9081216682345564,0.9200863930885529
ISIC_0003539,0.8348717948717949,0.8505902192242834,0.8824492468893255,0.9184375000000001
ISIC_0003582,0.9153019567359579,0.9151890421240266,0.9122906079427818,0.9436304714957323
ISIC_0003657,0.9600994063233468,0.9725067385444743,0.9703754266211603,0.9414042333505421
ISIC_0003805,0.9077353215284251,0.881590840614643,0.9195402298850576,0.879221174323091
ISIC_0004337,0.9400688863375432,0.9525107930015906,0.9426640505777196,0.9431144300461234
ISIC_0006651,0.8553600399351055,0.8493288169614853,0.8218368657675016,0.8810422500913186
ISIC_0006671,0.8700934579439252,0.8694835680751174,0.880038387715931,0.9292355371900827
ISIC_0006815,0.8075165058405281,0.8446808510638298,0.8275143303804064,0.9110840438489647
ISIC_0006914,0.9347733409123206,0.9299072091363312,0.9437034957180963,0.9080234833659492
ISIC_0007141,0.793138131426017,0.7872213483755492,0.8148778800617252,0.8180474182773915
ISIC_0007156,0.9289688187346358,0.9581151832460733,0.9374198512439087,0.908012651555087
ISIC_0007235,0.9472409152086136,0.9581890812250332,0.955825437074603,0.9314678067107138
ISIC_0007241,0.8966637142013582,0.9104956268221573,0.9146093523090328,0.9093827520793812
ISIC_0007332,0.948111101187818,0.9540343617882523,0.949977467327625,0.9380816034359342
ISIC_0007344,0.9311377245508983,0.9295469686875416,0.941773865944482,0.9340223309033866
ISIC_0007528,0.8193484698914117,0.8245270711024136,0.7781196581196581,0.8329032258064517
ISIC_0007796,0.9251870324189527,0.892155061546941,0.8711127763207194,0.8813811026545387
ISIC_0008025,0.8819834710743801,0.8675707349740499,0.8538507159196814,0.9047040725447333
ISIC_0008524,0.8798577597155194,0.9377777777777779,0.8142924306535025,0.8569206842923794
ISIC_0009995,0.978858895807527,0.9804823378024989,0.9757653486125454,0.9315528813589142
ISIC_0010459,0.9770595873611312,0.9756689067440305,0.9770217313858212,0.9803627070770472
ISIC_0012099,0.9322033898305085,0.9313868613138685,0.9469509172037679,0.9258698940998487
ISIC_0012109,0.9628828828828829,0.9664623151821132,0.9675810473815462,0.9494736842105264
ISIC_0012126,0.9310144927536231,0.9346443030653556,0.9064748201438848,0.9199057714958775
ISIC_0012127,0.883785025264125,0.8848484848484849,0.8959484346224678,0.4467325068291658
ISIC_0012143,0.6434262948207172,0.5787826086956521,0.5763066202090592,0.882537946123342
ISIC_0012151,0.9740568775391758,0.9728450570904574,0.9764866196978922,0.9793176284213923
ISIC_0012159,0.3081283009145949,0.5405291894162118,0.24221319404140065,0.6096
ISIC_0012160,0.6950971859588048,0.7570300157977883,0.710979228486647,0.690634966657002
ISIC_0012191,0.817714705162711,0.8322440087145969,0.8369067694531437,0.8551755795271976
ISIC_0012201,0.9776071657069738,0.9826663267907214,0.9773396492126488,0.9670082479380155
ISIC_0012204,0.7300469483568075,0.6970489353754203,0.6587819947043249,0.3224190064794816
ISIC_0012206,0.9483231707317072,0.9451897278650825,0.9645156460547987,0.9467491786996715
ISIC_0012210,0.793062617538483,0.7606542947260324,0.7643703378674858,0.8842893751232014
ISIC_0012221,0.957357075913777,0.9608574091332712,0.9640485459125259,0.9540553211439288
ISIC_0012222,0.961941008563273,0.9531853281853282,0.9556135770234987,0.936851601262968
ISIC_0012254,0.4253331553962595,0.2057219820563509,0.5247289549359673,0.6027202598457165
ISIC_0012256,0.7550712127751402,0.7132376395534291,0.675715912076364,0.6830734810878837
ISIC_0012288,0.9619217991311014,0.9634273772204807,0.9669485011529593,0.9616580310880829
ISIC_0012306,0.9254007398273737,0.9154842689697718,0.9243954698500153,0.9383087571471562
ISIC_0012313,0.958021851638873,0.9633447880870561,0.9631323235210061,0.9647577092511013
ISIC_0012316,0.9097978227060654,0.9161747343565525,0.8961287849750862,0.9275834011391375
ISIC_0012335,0.7487386478304743,0.7512588116817723,0.7398373983739838,0.669051878354204
ISIC_0012380,0.9354943273905997,0.9379895561357702,0.9331371587379435,0.8814314351473754
ISIC_0012383,0.9748157248157248,0.974355060296138,0.9773700305810398,0.9714241581711461
ISIC_0012400,0.9121740715978849,0.91020955165692,0.9226140329762907,0.9090798293723339
ISIC_0012417,0.8250175685172171,0.8575001339788135,0.8341040948457076,0.8878770118569947
ISIC_0012434,0.9582913560346565,0.9663780954298369,0.9588607594936709,0.957382347000606
ISIC_0012492,0.9008066274253325,0.8619621342512908,0.916989247311828,0.5254112962380802
ISIC_0012513,0.7802000512952039,0.7879789059025352,0.8963971729012239,0.540358568856181
ISIC_0012538,0.935031847133758,0.9271814187068423,0.9221631759924978,0.9298469387755102
ISIC_0012547,0.6507380269724966,0.5771134983652498,0.7063946825578731,0.9029012242159987
ISIC_0012660,0.8206098843322818,0.806281640665358,0.6944914122986562,0.7677324151500247
ISIC_0012684,0.9485569620253165,0.952075702075702,0.9721542705459845,0.9632379479247228
ISIC_0012720,0.9717799293351076,0.9298237981292148,0.9421196370363846,0.9352075554579399
ISIC_0012746,0.718232044198895,0.9502028771670971,0.8560105680317041,0.7652226598000608
ISIC_0012876,0.09019754006708908,0.12372188139059305,0.11106861470205769,0.21046528482388752
ISIC_0012927,0.7529568697198754,0.742769756668016,0.767380385937087,0.8909650044766242
ISIC_0012956,0.7432498772704959,0.766859344894027,0.8246097337006427,0.8747810858143608
ISIC_0012959,0.4748907323164749,0.4430540289168851,0.5121390748326505,0.3900117164616286
ISIC_0012965,0.9270462633451957,0.9389587073608616,0.9482142857142857,0.9009523809523808
ISIC_0013010,0.9260162601626017,0.9289749798224375,0.937799043062201,0.9147982062780269
ISIC_0013082,0.9376281112737921,0.9545454545454545,0.9447743467933492,0.9353523587652883
ISIC_0013104,0.9745844692639168,0.9698474636395886,0.9681306207980441,0.961491549050357
ISIC_0013127,0.7599734443840908,0.8149469214437367,0.7826472938182464,0.9101934295363832
ISIC_0013128,0.9251389342922524,0.9274387313791447,0.935700575815739,0.9362383851329702
ISIC_0013132,0.9568230277185501,0.9492072023649556,0.9600618397320279,0.9257546913244492
ISIC_0013188,0.9295774647887324,0.9394512771996215,0.9450222882615156,0.9386138613861386
ISIC_0013215,0.9270080423495877,0.939273229818714,0.9545823195458232,0.9577639416727312
ISIC_0013232,0.9081331647703329,0.9367036580353474,0.9329224447868516,0.9343166175024582
ISIC_0013421,0.9042138566646798,0.9206379075128194,0.9217864004873706,0.8851254480286739
ISIC_0013474,0.8031413612565447,0.8394062078272605,0.8353153153153152,0.8668192835981686
ISIC_0013480,0.8673376029277218,0.9032830523513754,0.9190826482042406,0.9052092228864218
ISIC_0013486,0.9780286847726579,0.978582202111614,0.9761941330056827,0.9738126941855304
ISIC_0013487,0.9411505400044082,0.929185969556585,0.9427757070817804,0.8731658291457286
ISIC_0013488,0.7826780021253985,0.8092515592515592,0.8230611196712891,0.8364652107668867
ISIC_0013489,0.9670046676323837,0.9607288721332077,0.9624530663329162,0.942563945474039
ISIC_0013490,0.9725408411539798,0.9763688760806917,0.9776697905819738,0.9569213095921884
ISIC_0013491,0.9489759677992187,0.9455684007707128,0.9500296735905045,0.9592094679995404
ISIC_0013492,0.9709364908503768,0.9755310567356816,0.9544144616190726,0.9515381373788453
ISIC_0013493,0.606053696631135,0.5665044844363679,0.5660001172814167,0.6593936735924566
ISIC_0013494,0.9659171597633136,0.9743949491406525,0.9621582905574788,0.9673611111111111
ISIC_0013495,0.9515595802788559,0.9553039332538737,0.9547458125183662,0.9370805369127517
ISIC_0013497,0.8754863813229572,0.8991696322657177,0.9231914260196488,0.9080745341614908
ISIC_0013498,0.957920792079208,0.9656504345426955,0.9581307401404645,0.967887323943662
ISIC_0013499,0.9513604370206954,0.9441581659480494,0.9563555272379739,0.9258264462809918
ISIC_0013500,0.9454369869628199,0.9516285069332474,0.9587394411955815,0.9490999379267536
ISIC_0013501,0.8675074762709661,0.8758068680609346,0.8642297650130548,0.8572179167213977
ISIC_0013516,0.8027632877484844,0.8475725522104692,0.8468639695900081,0.6733326667333266
ISIC_0013517,0.955595026642984,0.9263420724094882,0.9371146732429099,0.8379833578071464
ISIC_0013518,0.8079082826392139,0.7756143348817061,0.817494920903052,0.8909827365867394
ISIC_0013523,0.9370755998189226,0.9441923774954627,0.944860449285228,0.9425079221367134
ISIC_0013525,0.9571305265176944,0.8724245577523413,0.9327407407407408,0.939214735821619
ISIC_0013526,0.8459869848156182,0.8375819373634377,0.8,0.919431279620853
ISIC_0013527,0.0,0.0,0.0,0.6926829268292682
ISIC_0013530,0.5859766277128547,0.5836712512018729,0.46363141665155094,0.4245524296675192
ISIC_0013549,0.7877505290675962,0.7854826640059865,0.7564806538117738,0.7961429101248609
ISIC_0013552,0.2978642257818459,0.2699619771863118,0.5191093386507145,0.20815565031982944
ISIC_0013553,0.9728610122683096,0.9800219538968167,0.9615211521152116,0.9699476151089055
ISIC_0013554,0.9491525423728814,0.9454083791790098,0.9483606557377049,0.8337912087912087
ISIC_0013558,0.9336294103133481,0.9444444444444444,0.941032542206998,0.931068439192516
ISIC_0013559,0.951284046692607,0.9610802223987291,0.9437924644842496,0.9376927822331895
ISIC_0013561,0.9208217656857302,0.9429657794676807,0.9214155885812039,0.8926901585129433
ISIC_0013562,0.9330113130799542,0.9436017113963439,0.9431254891729716,0.9431627787085964
ISIC_0013567,0.0,0.02578981302385558,0.0033233632436025264,0.016414141414141412
ISIC_0013568,0.929192546583851,0.947502116850127,0.9405899459908599,0.9118515394348375
ISIC_0013572,0.9141864001737997,0.8973813072173727,0.8902940246601329,0.9640965273690406
ISIC_0013573,0.8087853807574796,0.7600151786198298,0.7176103524116414,0.699960087806825
ISIC_0013578,0.93985812686337,0.9327057881033447,0.9049817272552414,0.8402524668859455
ISIC_0013579,0.9426741881384356,0.939324781616432,0.9302325581395349,0.8261689536320479
ISIC_0013580,0.9259904222899433,0.936436112906701,0.9361702127659575,0.942578548212351
ISIC_0013581,0.9273207004077716,0.914462711460567,0.8979107312440645,0.9173435260391782
ISIC_0013584,0.7762861318207713,0.5583825998102329,0.6905226003582342,0.4281978505596836
ISIC_0013585,0.9432451504197928,0.9432215208983337,0.9341262051844582,0.8988687007199176
ISIC_0013592,0.897240164415737,0.9136094674556213,0.8907657657657657,0.916320474777448
ISIC_0013594,0.988964970856205,0.9913198119998307,0.9913543855690168,0.9539828352093845
ISIC_0013595,0.9503816793893131,0.9001751313485115,0.920845921450151,0.933857236411264
ISIC_0013596,0.8228980322003577,0.7924281984334204,0.7649456521739131,0.4863013698630137
ISIC_0013597,0.7761806981519508,0.8505452212957024,0.8336594911937377,0.8531468531468531
ISIC_0013599,0.9406779661016949,0.8995983935742973,0.9194591416813639,0.9415501905972045
ISIC_0013601,0.9265993265993266,0.9315371024734983,0.907639188605956,0.9487468954617295
ISIC_0013603,0.9450171821305842,0.953037483843171,0.9415279556124627,0.9164166309472781
ISIC_0013606,0.9254405784003614,0.9435127978817299,0.9218419940853402,0.890207715133531
ISIC_0013610,0.9228995901639344,0.9286082474226803,0.9198388982720541,0.9655427024366231
ISIC_0013618,0.9575299843097627,0.9522750088178635,0.9191504371268046,0.8848554142251441
ISIC_0013621,0.5686795373256082,0.5560854152599595,0.5844021514273893,0.5020030209496289
ISIC_0013625,0.9707283866575902,0.9705546678840448,0.9693717862731948,0.9775474956822107
ISIC_0013626,0.8737923010774444,0.8384796955537358,0.8434693976605349,0.8493605389046177
ISIC_0013632,0.8858944954128442,0.7035286358140047,0.66362066083468,0.3912995955842168
ISIC_0013634,0.9237587816492998,0.9184067876502475,0.9404985136062199,0.8959930981595092
ISIC_0013635,0.7946030598723045,0.7353721547269935,0.736912215265752,0.8636761214544546
ISIC_0013637,0.9637209302325582,0.9613020714773503,0.9530710065767473,0.9622000905387054
ISIC_0013639,0.967871485943775,0.9624613922546923,0.9655745489078823,0.9584694353709753
ISIC_0013643,0.9640358014646053,0.9596278451570028,0.953515690552106,0.9632836299502967
ISIC_0013644,0.7501051745898191,0.7620736413893815,0.8834779363746619,0.7948615014050582
ISIC_0013651,0.7306459773992242,0.6456721252474357,0.6352343820835978,0.8833361553905322
ISIC_0013652,0.7787728026533998,0.84736355226642,0.8132433301189329,0.8826895565092989
ISIC_0013656,0.9156293222683265,0.9094202898550724,0.9181818181818182,0.9156736938588451
ISIC_0013663,0.871499644633973,0.8647462665439876,0.8197027884454834,0.8869236088364814
ISIC_0013664,0.8658865886588659,0.8934154429180482,0.8209351753453773,0.8659252394192154
ISIC_0013667,0.9571564885496183,0.9788110653325487,0.9719807701646189,0.9575211915138164
ISIC_0013670,0.9258241758241759,0.8205904617713854,0.8484848484848484,0.2944220816561242
ISIC_0013671,0.9564107799101673,0.9754122938530735,0.9564061941023151,0.9711080222398729
ISIC_0013672,0.8750874737578727,0.8652137394456478,0.8521233795261511,0.9343204566134502
ISIC_0013674,0.8603008658872352,0.853392211963067,0.8340613136302405,0.8779165684657082
ISIC_0013675,0.9611224161936383,0.9606112785191563,0.9532955041466609,0.9535232383808095
ISIC_0013676,0.9427232193895049,0.9462805224304373,0.9480695416572589,0.9547252747252747
ISIC_0013680,0.8463747307968413,0.9207369323050557,0.849689011748445,0.6641178136505239
ISIC_0013682,0.9640666082383873,0.9385221078134465,0.92877961288394,0.9265517534176786
ISIC_0013684,0.8178987634552086,0.8994048199824373,0.6974689231690879,0.23207307663588622
ISIC_0013685,0.7823941577025559,0.795913471150386,0.812172295759878,0.7567976889960876
ISIC_0013687,0.9348659003831418,0.9369658119658119,0.9375966993295514,0.9324324324324326
ISIC_0013688,0.9764540776547637,0.974950053788228,0.9734675205855443,0.963112213267204
ISIC_0013689,0.8943089430894309,0.9041811846689896,0.8703261734287988,0.8624898291293734
ISIC_0013690,0.6707638279192273,0.7103918228279387,0.6684256816182937,0.7372810675562969
ISIC_0013691,0.9538398969701077,0.9164066562662505,0.9322078957862554,0.9483723823346465
ISIC_0013695,0.9223972905315859,0.9430220512061567,0.9107644305772231,0.8149239077074129
ISIC_0013702,0.7854466950282558,0.8867167044859487,0.9138669673055242,0.8924892952204607
ISIC_0013706,0.8462031811185223,0.8164678246893737,0.804299525611001,0.8655276381909547
ISIC_0013707,0.9416431479145262,0.9577919168384262,0.9535199080471646,0.6309854356528405
ISIC_0013709,0.6746690203000882,0.7573862696443342,0.601914267625042,0.6486194607437273
ISIC_0013712,0.8696330991412958,0.8980761358984853,0.8859753675009931,0.9067005937234945
ISIC_0013713,0.957220971373432,0.9596059113300492,0.9525930639516386,0.9546364242828553
ISIC_0013719,0.9612661391087047,0.9639730156451846,0.9548404916448004,0.9591273128969898
ISIC_0013721,0.6621557076898583,0.713760906168682,0.6298711886515571,0.25028630921395106
ISIC_0013725,0.8081683476528453,0.8214388904940769,0.7037628780783428,0.6821122014806069
ISIC_0013731,0.9670061099796334,0.9713890808569454,0.9730769230769231,0.9273397199705231
ISIC_0013736,0.976244494861871,0.9792928956654905,0.9740614789624592,0.966081718177056
ISIC_0013737,0.9361970941250789,0.9451530612244898,0.9426020408163266,0.9076831447290055
ISIC_0013740,0.1444234404536862,0.14899309956344178,0.3018087855297158,0.3422878042628327
ISIC_0013742,0.9149096385542168,0.9167893961708395,0.9264487369985142,0.9229607250755286
ISIC_0013747,0.8926462072958888,0.8929026282273937,0.8289755679382769,0.7795009253940902
ISIC_0013748,0.8632640201638311,0.8637920298879203,0.8615161524208491,0.8867543788844944
ISIC_0013749,0.7588775333448814,0.7342663202882763,0.7645057150335921,0.8243484805720199
ISIC_0013758,0.7756799999999999,0.7672025723472669,0.7718734949430084,0.7744134432466707
ISIC_0013762,0.8767709713586791,0.7956366444637513,0.817913853760578,0.789446366782007
ISIC_0013765,0.5481779341543102,0.7741612418627941,0.7527950840658871,0.4740887014997064
ISIC_0013772,0.9579769431015246,0.9564570152586528,0.9586776859504131,0.9378277153558052
ISIC_0013775,0.967389505048833,0.9659841479524439,0.9703593310150687,0.9657954178767344
ISIC_0013777,0.926489849377865,0.9249538486234851,0.930035899481452,0.9264785465790492
ISIC_0013778,0.9670202283660814,0.9608862762830658,0.9690816267997476,0.955682710647369
ISIC_0013782,0.955965374482499,0.9535896478785617,0.962821492233257,0.9438061938061938
ISIC_0013783,0.9009420631182289,0.9136788641348262,0.9000233808744447,0.9244707688932763
ISIC_0013789,0.8847695390781564,0.9178082191780822,0.8946830265848671,0.924057355284121
ISIC_0013792,0.9714851921171418,0.9712501345967481,0.9735252114687465,0.9759811280291658
ISIC_0013793,0.9758462781718596,0.9770592485549133,0.9788497884978851,0.9570279061804485
ISIC_0013795,0.7964757709251101,0.682738669238187,0.7660343270099368,0.8288590604026846
ISIC_0013796,0.9261511728931364,0.916256157635468,0.9341935483870967,0.9472810294728103
ISIC_0013797,0.9166193987521271,0.8815052041633306,0.9125344710963109,0.9468557666577468
ISIC_0013798,0.8179190751445086,0.8196248196248197,0.8149210903873744,0.7745504840940526
ISIC_0013799,0.9588041022075439,0.9566286215978929,0.952776336274001,0.9522160664819945
ISIC_0013800,0.9419764279238441,0.9400859145376441,0.9377519032691446,0.9307282415630551
ISIC_0013801,0.9528462425207225,0.9476715211252008,0.9295504540583225,0.9484638255698712
ISIC_0013802,0.9535452322738387,0.9492635024549918,0.941747572815534,0.9199512393336042
ISIC_0013803,0.9185393258426967,0.9315866084425036,0.9124036440084092,0.9079584775086506
ISIC_0013804,0.9357080799304952,0.9415929203539822,0.9292661361626878,0.905852417302799
ISIC_0013805,0.8536585365853657,0.8379819207293517,0.8378023336681863,0.8618993567915249
ISIC_0013806,0.9525368248772504,0.9584303292317926,0.9576719576719577,0.9473331096947333
ISIC_0013807,0.8417266187050361,0.8788177339901478,0.8431001890359169,0.7693588676103248
ISIC_0013808,0.9353806781829815,0.925294888597641,0.946236559139785,0.9361179361179361
ISIC_0013815,0.9472837022132797,0.9237817576009997,0.9157986111111112,0.9058867641544807
ISIC_0013816,0.5486255294410763,0.6926912887642201,0.6961660857705713,0.9347875742348103
ISIC_0013817,0.930901569991539,0.9098054250934534,0.9225959261013738,0.9224966999811428
ISIC_0013819,0.8746045441472534,0.8365598222786417,0.7741711508418676,0.8306065113204429
ISIC_0013828,0.57599945422295,0.5946874053125948,0.5087060674317995,0.8880531793744537
ISIC_0013830,0.9477031802120142,0.9673569673569673,0.9501069137562367,0.938122332859175
ISIC_0013831,0.9610948191593353,0.9528878375714567,0.9633099141295862,0.9642515771363028
ISIC_0013832,0.6872736223933609,0.866045673076923,0.8954622802041974,0.846917744050965
ISIC_0013835,0.7979824794265994,0.9117761368052857,0.7171594764905478,0.5151462395543176
ISIC_0013836,0.872852233676976,0.8362139917695474,0.8250101502233049,0.8595600676818951
ISIC_0013837,0.9048316251830161,0.9379418695993715,0.8904899135446686,0.9296407185628742
ISIC_0013839,0.8872870249017039,0.9354604786076867,0.902964959568733,0.9244505494505495
ISIC_0013840,0.8834536519776542,0.895759096612296,0.9099715993239594,0.7959965928449745
ISIC_0013841,0.961886451029179,0.9746044719481582,0.966261346120911,0.9379469688634613
ISIC_0013843,0.9355992844364938,0.944647201946472,0.9309617123907146,0.928709055876686
ISIC_0013844,0.9371059013742927,0.9489144316730523,0.9554655870445344,0.9202453987730062
ISIC_0013845,0.9027672765764403,0.9450166376168594,0.9380308273041836,0.9073958980733374
ISIC_0013861,0.6567140046888895,0.6855470295071593,0.6899687261832803,0.5469173589855707
ISIC_0013862,0.9567941625522972,0.9594501718213058,0.9595808083838323,0.9029965097471695
ISIC_0013863,0.6680896478121665,0.6787330316742081,0.30161054172767204,0.4755996691480562
ISIC_0013864,0.9186065065153798,0.9417143260608628,0.9343842507673029,0.9575687672573485
ISIC_0013865,0.9796066346415299,0.9816106531388713,0.975280488917267,0.9728920964618906
ISIC_0013874,0.9789589197957919,0.9723048109563386,0.9790283034587827,0.9823681158734291
ISIC_0013876,0.9362451567453329,0.9254901960784313,0.9220314735336195,0.917529453766512
ISIC_0013879,0.9049265341400172,0.9332773814519512,0.945273631840796,0.9446028513238288
ISIC_0013886,0.9417915650052283,0.9416315049226441,0.9582626399728538,0.9051943334544134
ISIC_0013888,0.9665738161559889,0.9239999999999999,0.9515108924806747,0.9125827814569536
ISIC_0013890,0.8623343648337698,0.8446679438058747,0.8612866634257009,0.6226034308779012
ISIC_0013896,0.9411860144398475,0.9500246588854185,0.9589611254474318,0.9428813559322035
ISIC_0013898,0.9630668536699392,0.9662224976758599,0.970486656200942,0.9510596127458453
ISIC_0013910,0.886105675146771,0.832302655511095,0.8262436914203317,0.92099519860323
ISIC_0013918,0.9750905797101448,0.9700192329449032,0.9677636751656745,0.9751094722286241
ISIC_0013921,0.9707941105479122,0.9708785784797631,0.9640602234094221,0.94123384540356
ISIC_0013922,0.9672094579522642,0.9687430724894702,0.967684816290394,0.9457116788321168
ISIC_0013927,0.8775364389825665,0.8760059824798803,0.8920014219694276,0.9386945307850011
ISIC_0013929,0.5087198515769944,0.6025244271358532,0.6554481281991235,0.6265974167976491
ISIC_0013933,0.8033956470694483,0.8671989011932355,0.8075607560756076,0.8689643960331653
ISIC_0013935,0.935946797339867,0.9437016185784659,0.9293421510616081,0.9367945823927766
ISIC_0013936,0.8736664795058955,0.84244721169464,0.9079682446339312,0.9314982796371599
ISIC_0013942,0.9220287660862984,0.8383342425895617,0.9188980928530148,0.8943303823695612
ISIC_0013945,0.5619208087615839,0.5477707006369427,0.6359424530602292,0.7001173708920189
ISIC_0013946,0.8072731139348185,0.7546100866474117,0.8119459687631913,0.8635260816821673
ISIC_0013958,0.7874928819174819,0.8003290150113098,0.8430756762232802,0.6120514943053692
ISIC_0013961,0.6343787217149662,0.4412689339811375,0.29315628192032683,0.6119942196531791
ISIC_0013962,0.9553656220322888,0.9490909090909091,0.9370503597122302,0.932788374205268
ISIC_0013965,0.619724469713536,0.7388611388611389,0.7199351044412898,0.7110475801511129
ISIC_0013967,0.9720113851992409,0.981065506291897,0.9755125951962509,0.9593255098553036
ISIC_0013969,0.9587797806630531,0.9392211573456265,0.9506096809951965,0.955527950310559
ISIC_0013970,0.8161434977578476,0.809116809116809,0.7298245614035088,0.8778409090909092
ISIC_0013971,0.8033333333333333,0.7736757624398074,0.8041237113402062,0.845878136200717
ISIC_0013972,0.7340171203825094,0.5890799503634108,0.7429952420512046,0.4130726471152003
ISIC_0013975,0.8998646820027064,0.8907749077490774,0.918044402456306,0.8580425085279455
ISIC_0013980,0.8755617542228421,0.6930741190765493,0.8002309468822171,0.7901371381077712
ISIC_0013981,0.8111219512195121,0.8296268375424048,0.7974061290659973,0.11934900542495479
ISIC_0013982,0.7393966216714611,0.6274115388132029,0.748720488690771,0.5714124612348465
ISIC_0013983,0.8011889035667107,0.7120808940926024,0.7629919918214346,0.6442577030812325
ISIC_0013984,0.9674575263757493,0.9649105659270845,0.9719598289748433,0.9681891931756723
ISIC_0013986,0.6661067954370494,0.6771238200999444,0.6483228139848238,0.6372086372086372
ISIC_0013995,0.9536423841059604,0.9646892655367232,0.969233443420824,0.9672407970280311
ISIC_0013996,0.9102205110255512,0.9514183794802106,0.9670826702403886,0.9010347572300345
ISIC_0013997,0.9721352536005009,0.9698900748765333,0.9549697068937284,0.9420181845282457
ISIC_0014001,0.934110387384299,0.9571583168884079,0.9635817778357916,0.9639673571876961
ISIC_0014004,0.8692307692307693,0.8584732263203039,0.8514827418570733,0.8586310435688461
ISIC_0014013,0.9729220837442839,0.974795211090107,0.9732219462632649,0.9738229250424372
ISIC_0014026,0.9549203913293689,0.9623830437273249,0.9535626997555932,0.9606544604596805
ISIC_0014028,0.9370125974805038,0.9245624622812312,0.91527446300716,0.936915182613945
ISIC_0014029,0.9614604462474644,0.9701632576468381,0.9758184523809523,0.9579894973743436
ISIC_0014031,0.9665809768637532,0.9181258873639375,0.9603612644254892,0.9214659685863874
ISIC_0014032,0.9083683964469378,0.8976412995104583,0.9070564055720484,0.7132222616093584
ISIC_0014037,0.9076791206574901,0.8937101281172563,0.9252136752136751,0.7694622361690238
ISIC_0014038,0.786371237458194,0.806086777709233,0.8118285071114295,0.7590039542588436
ISIC_0014044,0.9057799688113084,0.9178224174522482,0.8927195295071993,0.9038038038038038
ISIC_0014045,0.33362356697141193,0.22613139403469118,0.3696545059193042,0.2491276303267421
ISIC_0014046,0.8673139158576051,0.8627450980392157,0.8444173276388041,0.7785087719298247
ISIC_0014049,0.956386292834891,0.9650285714285715,0.9551639527102387,0.9366585742661665
ISIC_0014055,0.9019292604501608,0.8707381234848094,0.8699808795411088,0.8296355841371919
ISIC_0014061,0.9528112449799196,0.9463366007642466,0.956828489837057,0.7382863059798085
ISIC_0014062,0.8593908058896257,0.9558708524187242,0.8354179566563468,0.941747572815534
ISIC_0014066,0.9507892293407614,0.9517946335230574,0.9680094786729857,0.9273834621691263
ISIC_0014069,0.8245741738244285,0.7781665500349895,0.8098510882016037,0.6818826868495742
ISIC_0014072,0.42210182389676987,0.5888184054298977,0.6412863476913763,0.6586034737360242
ISIC_0014073,0.9004283407064111,0.8920583238958097,0.8822544444048595,0.9080586447583743
ISIC_0014074,0.766597510373444,0.8388683886838868,0.43394010569583086,0.05667177914110429
ISIC_0014076,0.9341388092572315,0.9296820437419593,0.9299135617011846,0.9468587623996222
ISIC_0014079,0.7385979495705182,0.7671232876712328,0.7490586185578598,0.8834600339508452
ISIC_0014080,0.7930174563591024,0.6730478589420655,0.6063907044299202,0.5529801324503311
ISIC_0014081,0.9372301560943208,0.9488465396188566,0.9544217687074829,0.9081665077851921
ISIC_0014082,0.8037583554042124,0.7843299231111394,0.6970040931448422,0.6731813246471227
ISIC_0014083,0.8364289994008388,0.8188594856503913,0.8926662390421211,0.9025007593398805
ISIC_0014088,0.9594254937163375,0.9620161363430333,0.9639189312005817,0.9545372866127584
ISIC_0014089,0.9231905465288035,0.8193760262725781,0.8933231005372217,0.14478080388782016
ISIC_0014092,0.9496456546064902,0.9226340410219502,0.9245136186770428,0.8935714285714286
ISIC_0014093,0.9572093023255814,0.9345839345839346,0.9509734928454141,0.9668419849073863
ISIC_0014094,0.8727272727272727,0.8167938931297709,0.8574938574938574,0.8672350791717418
ISIC_0014099,0.8734593262119966,0.8965582272512966,0.8628419964957994,0.861484780313117
ISIC_0014108,0.8765350745821602,0.861749700825093,0.8713397253174398,0.8632197414806111
ISIC_0014114,0.9168847352024921,0.898880305529034,0.9160182236019836,0.8697462681300068
ISIC_0014120,0.8910828025477707,0.9054814814814814,0.9138305575669804,0.8653167864141085
ISIC_0014127,0.9668449197860962,0.9807302231237321,0.9713046379713046,0.9679762297788048
ISIC_0014131,0.8377316114542391,0.8550884955752213,0.8640350877192982,0.9047120418848167
ISIC_0014132,0.9196777428166385,0.9511446429231851,0.9609878701781226,0.8845081640780565
ISIC_0014133,0.9653475743302032,0.9623637320502219,0.9628663704871799,0.9765933701324163
ISIC_0014136,0.8918982571832313,0.8918187168922896,0.9212062256809338,0.9357524543308064
ISIC_0014139,0.9654055304870994,0.9673172421757708,0.9549463647199047,0.9280036862112659
ISIC_0014144,0.9601092896174863,0.957345971563981,0.9524560021013921,0.9434759640781828
ISIC_0014149,0.668974042027194,0.6683156072223596,0.5585006693440429,0.6338492768332911
ISIC_0014150,0.980259990370727,0.9696733300828865,0.9750820938767626,0.9543775397118582
ISIC_0014151,0.9322084707293049,0.902555550547618,0.9445680143050286,0.9281834902088067
ISIC_0014156,0.9731104651162791,0.9764202810018326,0.9702615549982085,0.8626790227464196
ISIC_0014157,0.8787857689897655,0.8413007039892725,0.8564783144068957,0.8366319074980492
ISIC_0014158,0.9493192133131618,0.9737034331628925,0.9694290976058932,0.9473309608540926
ISIC_0014162,0.8024928092042186,0.8655635987590486,0.8163862472567667,0.9029072956664839
ISIC_0014163,0.9674216568414521,0.9564231854558911,0.9514691740570574,0.9382163473604953
ISIC_0014164,0.9725418938017364,0.9675939774653505,0.9745754195558235,0.9714172290591504
ISIC_0014166,0.8427042000449202,0.8952775344429401,0.8219529579472559,0.8762065267351002
ISIC_0014169,0.8988020176544766,0.8975641232456848,0.9093922651933702,0.9008082292432036
ISIC_0014171,0.8199666680216251,0.880519580338957,0.7963845930594138,0.45511148954286634
ISIC_0014173,0.9202453987730062,0.8543474247738602,0.885589705413166,0.9300300097023849
ISIC_0014174,0.9322191272051996,0.9275766016713093,0.9223702342673402,0.9254937163375224
ISIC_0014178,0.9635083226632524,0.9635863408318499,0.9634498236614298,0.9525428968928737
ISIC_0014179,0.947799385875128,0.9630487961890049,0.9697168757800697,0.8991094445746427
ISIC_0014183,0.6629834254143646,0.6662486563955572,0.666890305266689,0.6707598519486174
ISIC_0014185,0.9666771785977084,0.9659150498164657,0.9666631831957362,0.960511392927106
ISIC_0014187,0.5789473684210525,0.46277856804172585,0.5345188284518828,0.6921119592875318
ISIC_0014189,0.8152326268681922,0.82902989057913,0.7220887805056931,0.8645640074211502
ISIC_0014190,0.6340914208511597,0.8151607688162387,0.8385574654533199,0.684029484029484
ISIC_0014191,0.9207556935817804,0.9077798861480076,0.9020713261017291,0.729762678803641
ISIC_0014195,0.9306333476949591,0.9362068965517241,0.9498725573491928,0.9154872624342903
ISIC_0014197,0.9782102813623863,0.9804106432013409,0.9819105046017137,0.9802524749882142
ISIC_0014211,0.9790979097909791,0.9819195214790648,0.9748641304347826,0.9575406490685274
ISIC_0014212,0.9549262429429977,0.9602960054368346,0.9621611843097055,0.9724770642201834
ISIC_0014216,0.9550870760769936,0.9694857628559287,0.9699610763242511,0.96885225003187
ISIC_0014217,0.8709330211303511,0.911598177119296,0.894858407251412,0.8377121307353864
ISIC_0014222,0.771912862192948,0.7618504435994929,0.7821533305404273,0.6306685044796692
ISIC_0014225,0.9150280898876404,0.920979020979021,0.906951871657754,0.914
ISIC_0014229,0.9203595647374232,0.918473959157828,0.9611377542583099,0.9323971260613979
ISIC_0014238,0.9675113710201428,0.9772103819371175,0.9751360580514352,0.9735984011780794
ISIC_0014248,0.6022566995768688,0.4608742579600647,0.44340602284527514,0.7806691449814127
ISIC_0014249,0.9663912317506529,0.9435696086211938,0.9133561240127314,0.9016050244242848
ISIC_0014253,0.9717465753424658,0.9579087284005317,0.9625761531766753,0.9292604501607716
ISIC_0014263,0.9517738359201774,0.9456673168013374,0.9435551811288964,0.888775769916009
ISIC_0014264,0.9588477366255145,0.9658901098901099,0.9595554981263729,0.9767041295267622
ISIC_0014272,0.8638822381839142,0.8749122807017544,0.8284165058358607,0.6762181715015249
ISIC_0014273,0.8584976667168448,0.8984097015467286,0.8943728616146174,0.9326002347562858
ISIC_0014274,0.8883420486004306,0.8494897959183674,0.8774113254511512,0.9018181818181819
ISIC_0014286,0.934819897084048,0.9665306122448979,0.9533333333333334,0.9314641744548287
ISIC_0014289,0.9815310045127863,0.9776411864197022,0.9811304966319401,0.9818437778191832
ISIC_0014290,0.9575992833681697,0.9581409206018173,0.9579530151129731,0.9621464829586656
ISIC_0014291,0.887141858839972,0.9222438446569083,0.918002204697702,0.9278696783944916
ISIC_0014299,0.7446153846153845,0.6191446028513238,0.6748057713651499,0.6966707768187422
ISIC_0014302,0.9560594214229867,0.9651329406145519,0.95559337768838,0.9428352490421457
ISIC_0014308,0.9488060949549382,0.9467927326659251,0.9570656809781064,0.9647546648237733
ISIC_0014310,0.9739485247959825,0.9751700142337498,0.9677317304650428,0.9613310737944848
ISIC_0014311,0.9347076996197718,0.9464928465563656,0.9387005385884625,0.8958751519606457
ISIC_0014316,0.9650903689031939,0.9760962743158589,0.9708120766078447,0.9288598943771358
ISIC_0014317,0.9450625869262865,0.9563655952594721,0.9477715877437326,0.9197104864500926
ISIC_0014324,0.870889994472084,0.871498346365289,0.8742190501223236,0.82823148461915
ISIC_0014325,0.937245151665838,0.9501622544833476,0.8931830381105743,0.959724683112989
ISIC_0014327,0.9167540639748295,0.9034730247551851,0.9157115724670902,0.8972250162712265
ISIC_0014328,0.4182718767198679,0.44501555525497094,0.43846780766096166,0.5789864029666255
ISIC_0014331,0.8307430391564612,0.8042830644707998,0.8346754313886606,0.8167533442723252
ISIC_0014337,0.8929574026608079,0.8873256519102486,0.816700156284885,0.8703349282296651
ISIC_0014341,0.9328763404370843,0.9651744557996095,0.9246569490251029,0.9560557341907824
ISIC_0014346,0.8916129032258064,0.8989637305699482,0.891994917407878,0.9030579050097592
ISIC_0014347,0.8236379360046122,0.8669155594597562,0.8463207074920741,0.7828749711116245
ISIC_0014353,0.9271817676486936,0.9100112485939259,0.9245179063360881,0.9158785465405674
ISIC_0014357,0.86420130399348,0.9158521269043849,0.9034530607888136,0.9132789845160585
ISIC_0014360,0.9490287232276274,0.9728801922416752,0.965245677110084,0.9288852725793327
ISIC_0014361,0.9602649006622516,0.9542353610005685,0.9623097710140804,0.9519139081868954
ISIC_0014365,0.950765189890381,0.95524658411614,0.9729934838929161,0.9779934776468171
ISIC_0014366,0.9645269162677857,0.9546659931809572,0.9293166244829927,0.8157534966873488
ISIC_0014372,0.7677773522277543,0.7591960561243837,0.7567882482678263,0.803507183531486
ISIC_0014382,0.9578536585365854,0.9420851895772572,0.9321430840587077,0.9534929101079745
ISIC_0014385,0.9345351371924847,0.9316515928135332,0.9274362711984926,0.9231890394986154
ISIC_0014393,0.5761648134251994,0.4787570621468927,0.45108059193016076,0.41881607845140206
ISIC_0014394,0.9401606425702811,0.9595092024539877,0.9559877175025588,0.9504716981132074
ISIC_0014395,0.9569517709118311,0.9756003657538861,0.9693521396127182,0.9680207433016422
ISIC_0014397,0.9752537812385339,0.9710806697108068,0.9698265230617445,0.9631772533785179
ISIC_0014410,0.8228056684609469,0.7436991869918699,0.7898619704902426,0.5893054024255788
ISIC_0014422,0.8459591357349696,0.881982377932651,0.8865161443119918,0.9340543905380695
ISIC_0014428,0.9607207207207208,0.9595977733884,0.962576466354804,0.9589325940045053
ISIC_0014430,0.978555732363416,0.9785362153962835,0.9754267779223761,0.9705461393596986
ISIC_0014431,0.9273979862215156,0.928495197438634,0.9448491155046825,0.9255372313843079
ISIC_0014432,0.8833943833943834,0.9011609664261061,0.9140300415468201,0.8627678054429648
ISIC_0014433,0.8180806675938804,0.8267382702091578,0.802301685162351,0.8841917237272998
ISIC_0014438,0.9676187445301933,0.9606424425538683,0.9520045172219086,0.9658331456033642
ISIC_0014440,0.8899707887049659,0.9138276553106212,0.8773946360153257,0.8625954198473282
ISIC_0014441,0.9556840077071291,0.958682461716267,0.9619925136769364,0.9655657062543922
ISIC_0014453,0.9626865671641792,0.967460927491673,0.9686234817813765,0.9614900578907627
ISIC_0014458,0.9379151025122725,0.952058657642414,0.9474885844748857,0.8305444261135989
ISIC_0014469,0.9505519431422955,0.9338071968014217,0.9299719887955181,0.9067126635043841
ISIC_0014473,0.8992217898832685,0.7650140460101739,0.7851221151691687,0.6251373510269631
ISIC_0014475,0.9623180131316015,0.9636028891091912,0.9654008438818567,0.9649098280441772
ISIC_0014476,0.8446455505279034,0.8281173193511387,0.8316603587296363,0.7266982622432859
ISIC_0014480,0.8485521482873494,0.8263973532996692,0.8275202226667827,0.8537414965986395
ISIC_0014486,0.8444796201028888,0.8946684005201561,0.9082346225203368,0.8589217114849648
ISIC_0014490,0.9295227524972253,0.9405436013590034,0.9331866923288424,0.9135802469135803
ISIC_0014498,0.9646280991735536,0.9621814640480442,0.9579015544041452,0.947695325269696
ISIC_0014501,0.9667309546769528,0.9677026944833038,0.9713593702694521,0.9571629213483146
ISIC_0014502,0.9221767115272089,0.9088435374149659,0.8977718060687493,0.8704753597906674
ISIC_0014504,0.9415177688402453,0.9120142920946851,0.9274083684722674,0.9195042400521852
ISIC_0014507,0.9416926451910865,0.9584717607973423,0.9669223394055609,0.9341657207718502
ISIC_0014511,0.9441056910569106,0.9403905447070915,0.9392670157068063,0.9110764430577223
ISIC_0014515,0.9530914516539903,0.9720638742343235,0.9745516410292763,0.945464114203013
ISIC_0014516,0.968384074941452,0.9630250089745124,0.9625732392682051,0.9677790563866514
ISIC_0014518,0.770594620673019,0.5727672035139092,0.5889025893958076,0.8431579476355596
ISIC_0014522,0.887189292543021,0.8168822328114363,0.8108108108108109,0.8614985403827441
ISIC_0014525,0.831761275938947,0.5532054077627562,0.4161062817779235,0.37771290772940724
ISIC_0014526,0.8368522072936659,0.9022499527320854,0.8447248510339992,0.9281811085089773
ISIC_0014527,0.9471903150469472,0.9280468439857086,0.945874001774623,0.9180643917486022
ISIC_0014529,0.9465186680121089,0.9495967741935484,0.9481481481481482,0.8615664845173041
ISIC_0014535,0.9595503956222731,0.9571206398578093,0.9595631641086186,0.9605578557419917
ISIC_0014537,0.8198130097473642,0.8207933227989141,0.8009474801927633,0.861007151591507
ISIC_0014543,0.9413861386138612,0.9171281453414942,0.9558473787612449,0.9026011011961269
ISIC_0014545,0.9737827715355806,0.9755107219895952,0.9756221432199085,0.9637883008356547
ISIC_0014547,0.9278794402583423,0.9148325358851673,0.9085487077534792,0.10578731880048689
ISIC_0014554,0.8816822630956223,0.9161503510945891,0.898277406100195,0.9348462664714495
ISIC_0014557,0.8790638920284556,0.9207248018120046,0.8772485063781689,0.6888272033310201
ISIC_0014558,0.8577402676399026,0.8752224027229829,0.8660142007292266,0.9509491654987896
ISIC_0014568,0.8882833787465941,0.8631465517241379,0.8304959289415248,0.8264233287046221
ISIC_0014569,0.9669365416798588,0.9607483328111712,0.9708102209693552,0.9597282438653734
ISIC_0014570,0.9071397911003004,0.8975791433891993,0.8858434174077855,0.8935994494150035
ISIC_0014571,0.8344403444034441,0.8175463967221017,0.8241010689990281,0.7813867772402672
ISIC_0014572,0.947284978200555,0.8354666046078659,0.9037130270610446,0.9182132343530015
ISIC_0014573,0.91672218520986,0.9085679063077872,0.907516891891892,0.8867015706806283
ISIC_0014576,0.823076923076923,0.8986679352997146,0.8956762192056309,0.6123913563511683
ISIC_0014577,0.8348817567567567,0.9187266791044776,0.8236642016456619,0.8780812791472352
ISIC_0014578,0.8321079665625946,0.8349814585908528,0.7757909215955984,0.7519635165948823
ISIC_0014579,0.8831109694458358,0.881641193595342,0.8622832842656198,0.8941250111776805
ISIC_0014580,0.8571305657130566,0.8551385780685143,0.8219587176108916,0.8356541097385307
ISIC_0014581,0.814557929671477,0.7977914760049919,0.7251363490535772,0.6232135123430056
ISIC_0014582,0.5270304762877125,0.5995923121723937,0.5067536096879366,0.4835234140957587
ISIC_0014583,0.9735069600359229,0.9430996541967934,0.935064935064935,0.9588244298178478
ISIC_0014585,0.9522857856607544,0.7852268165395423,0.884310618066561,0.8568257491675916
ISIC_0014589,0.809593023255814,0.7978825794032723,0.7666208161393856,0.8080465341735337
ISIC_0014591,0.8106060606060607,0.816793893129771,0.7946627131208303,0.8063300678221552
ISIC_0014592,0.8260869565217391,0.8375870069605569,0.7986725663716814,0.8763702801461631
ISIC_0014593,0.9598874974887832,0.9647422957879156,0.9492849576271186,0.9726437563797209
ISIC_0014594,0.9311913562695479,0.9507047396479954,0.9588757396449704,0.9631865704609043
ISIC_0014595,0.9317478731631864,0.9276505676351741,0.9538032656312228,0.9355027279812937
ISIC_0014596,0.7522236340533672,0.7381546134663342,0.7670877874959507,0.750316856780735
ISIC_0014597,0.7943262411347518,0.8137000518941361,0.8563626433642818,0.8045151359671626
ISIC_0014598,0.8289473684210528,0.6843421710855427,0.6172450052576236,0.6463664278403275
ISIC_0014599,0.9211913856536922,0.9201245056050925,0.9174406123115695,0.9198876930276089
ISIC_0014601,0.8718608423289893,0.9301965125934126,0.891113309666531,0.8241965973534972
ISIC_0014602,0.7283747591974815,0.6653516125850676,0.7415604947456523,0.7008448540706606
ISIC_0014603,0.9624021884343786,0.9450535835966053,0.9667437082691319,0.9089369463262116
ISIC_0014605,0.9592195302385796,0.9598024109489712,0.9593903912275811,0.9610199027790517
ISIC_0014606,0.964288183641015,0.9772445607270726,0.9780248145789954,0.9791905340013337
ISIC_0014607,0.9198926062037055,0.9110570009778168,0.9195451204889181,0.958167256472341
ISIC_0014608,0.9107414324805629,0.8850244808374135,0.8931294458406099,0.9193746706481645
ISIC_0014609,0.9590388446215141,0.9658044164037854,0.9664418247914434,0.9762721918562772
ISIC_0014610,0.8462493349884731,0.8136688201292078,0.8249309392265193,0.8087191618790132
ISIC_0014611,0.5103168956269498,0.4913334387018597,0.4377224199288256,0.6792507763975155
ISIC_0014612,0.6371238765142633,0.6882952726047021,0.692320732327513,0.6406777002117813
ISIC_0014613,0.8839179800033893,0.8220646178092987,0.8328277183458407,0.7742318539409232
ISIC_0014615,0.9236687588580684,0.931794766124047,0.9167853509664293,0.8917816203613756
ISIC_0014616,0.9156092648539779,0.9010989010989011,0.8664150943396226,0.9039258236338529
ISIC_0014617,0.9239099458535195,0.9052808046940486,0.9251076040172167,0.9323741007194245
ISIC_0014618,0.8811326967402041,0.7979782964174224,0.822501532801962,0.8694371727748691
ISIC_0014620,0.551518011640711,0.44774106540795683,0.602731411229135,0.6209375468024563
ISIC_0014621,0.9511109091735199,0.9811899855307582,0.9508681701294859,0.9222899130353904
ISIC_0014622,0.9546840958605664,0.9440966976041442,0.9539200698842543,0.9409515717926934
ISIC_0014623,0.9116556911007954,0.9176351143100604,0.9195665196318684,0.936319751419535
ISIC_0014624,0.9422867513611617,0.9430444282592861,0.949933930406695,0.9354442275717487
ISIC_0014625,0.9169174242184284,0.9484027869067962,0.9312172732561897,0.871167488277023
ISIC_0014628,0.8920031142253364,0.8426280393171236,0.8344033425048405,0.8259027637684083
ISIC_0014630,0.891856846473029,0.873661670235546,0.8815455007625826,0.9114323258869909
ISIC_0014632,0.7119741100323624,0.6306736741519351,0.6211764705882352,0.6629834254143646
ISIC_0014633,0.9085673146148309,0.9287321830457614,0.9255162241887906,0.741860465116279
ISIC_0014635,0.7893721240908417,0.7896569608061049,0.6862601028655401,0.7852330151600225
ISIC_0014636,0.7835481217438991,0.7799978163554973,0.7697031729785057,0.8338975137154196
ISIC_0014637,0.8972612664831184,0.9208252021187622,0.9485234353833649,0.9235915964137562
ISIC_0014638,0.9195059625212947,0.9102369050206477,0.898251017489825,0.8967944135921263
ISIC_0014639,0.5045484385257433,0.6632115690044303,0.6033607561701383,0.7954133977066989
ISIC_0014640,0.9064392324093816,0.9007543012119671,0.9107502463687389,0.9111015859408487
ISIC_0014641,0.673889951136605,0.6875474151945377,0.7275229357798165,0.7155425219941349
ISIC_0014642,0.7263893106589736,0.7307386814932485,0.7297132397803539,0.7503136762860728
ISIC_0014646,0.940861729090397,0.941683424303361,0.9418181818181818,0.9250440917107584
ISIC_0014650,0.8762978344704835,0.9055331323762326,0.8577650873542081,0.8842105263157896
ISIC_0014651,0.9174201326100061,0.9529243937232524,0.9351409644122632,0.9117911791179117
ISIC_0014654,0.9499898077053747,0.948359024521874,0.9556405749146935,0.9391034296516336
ISIC_0014657,0.9512825611453568,0.9510554089709762,0.9526964356698026,0.9462978030919447
ISIC_0014658,0.9409307183474528,0.9299035369774921,0.9529763522696386,0.9564912280701755
ISIC_0014661,0.9681442320726582,0.9647258439006966,0.9718124460986791,0.975222993062438
ISIC_0014664,0.9530964183481114,0.9611088978335829,0.9671841387720428,0.9479704745945796
ISIC_0014665,0.9186675919500347,0.9078341013824885,0.9133209800288244,0.949722282334271
ISIC_0014667,0.9478823063728724,0.9500562280875835,0.9539298990971853,0.9234061871716713
ISIC_0014680,0.8940685763356437,0.8896980081387877,0.9033120821023168,0.9247458112559072
ISIC_0014682,0.9183127361862935,0.9154236960262271,0.9254204491652771,0.9388274650480228
ISIC_0014683,0.8837703954549272,0.9176081085005664,0.913654502342259,0.9661967368921274
ISIC_0014684,0.9141580682906074,0.9237880253681608,0.9005553809074714,0.7490965410428498
ISIC_0014685,0.9197135318507351,0.9226676800304009,0.9150871872630781,0.9142640364188165
ISIC_0014688,0.9076441693022004,0.9092816473633896,0.9125137676861815,0.8739407758912889
ISIC_0014692,0.9547272436410175,0.9563075945344773,0.9530434782608697,0.9516846789574063
ISIC_0014694,0.9782886988581084,0.9760889905395572,0.9746891306040861,0.9683244300654578
ISIC_0014696,0.9784122137404581,0.9784143509499245,0.976922475162325,0.9778830722200993
ISIC_0014699,0.9518101379085059,0.9578876818676869,0.9604491369197251,0.9420523602430805
ISIC_0014702,0.9176524811799048,0.8948314606741573,0.9305739945333854,0.895672746699229
ISIC_0014707,0.937164461247637,0.9366652305040931,0.9536983110075713,0.9101747173689619
ISIC_0014708,0.9547213512979126,0.9074738815965712,0.9170884876701947,0.9533765298776097
ISIC_0014711,0.9228284459698178,0.8762790251851141,0.8697141226275983,0.9667898714624593
ISIC_0014712,0.39673175623857,0.4209517169252222,0.4216395156372506,0.5790918359344366
ISIC_0014713,0.9307172724348665,0.9125927743360118,0.8508476418169962,0.8503103420479887
ISIC_0014714,0.9464122753029564,0.9600904587551151,0.9498887007274393,0.9396915037086986
ISIC_0014715,0.916928227662691,0.8959660297239915,0.8760664792622184,0.9013994231385535
ISIC_0014716,0.9720795954350818,0.9561246061186232,0.9644858337937021,0.9208036760068474
ISIC_0014722,0.9796237806411942,0.9664477579061859,0.9665113850297508,0.9744224193055131
ISIC_0014723,0.9396758008490931,0.9388983684503155,0.9361217163371133,0.9151135675070232
ISIC_0014724,0.9253294289897511,0.9218728021702,0.9228678698326104,0.9221634957726986
ISIC_0014726,0.951979749829093,0.9560303136986049,0.9339512109819008,0.9284454864273121
ISIC_0014730,0.969084042757473,0.9698832977788933,0.9682309101244236,0.9567060637204521
ISIC_0014731,0.8621252038640072,0.8436042229315002,0.9252103668798384,0.9376753095710474
ISIC_0014735,0.9764678445700579,0.9793622684798468,0.9766914645419731,0.9800952873474688
ISIC_0014739,0.904005148769741,0.9386255433657629,0.9260933611012344,0.9106310460628538
ISIC_0014742,0.9474192470069702,0.9480361789121546,0.9544348346999139,0.9847190251388293
ISIC_0014745,0.9755257432922407,0.9759985453663858,0.9756584318587281,0.9766313140391876
ISIC_0014748,0.948765067858046,0.9488930480381742,0.9433576397619646,0.9825402138867846
ISIC_0014754,0.97193127415004,0.9779807055011415,0.9751668629760502,0.9722085102181853
ISIC_0014760,0.9818682896021129,0.9800584950810954,0.9796494744394211,0.9808609716387152
ISIC_0014762,0.9710969057610103,0.949099271751629,0.9487722390948198,0.9700678670903456
ISIC_0014763,0.9456671251719395,0.9330085261875761,0.939702942739303,0.9323321510326265
ISIC_0014769,0.9366835686414958,0.9560021925817651,0.9560483577306824,0.9251494711022537
ISIC_0014770,0.9804411985393428,0.9762442870774949,0.9779784298971658,0.9408159163987138
ISIC_0014771,0.9712829768034397,0.9629966742517068,0.9689785535102285,0.965077447776041
ISIC_0014775,0.9522226132543717,0.9658983529299187,0.9648370086289549,0.9670801015119563
ISIC_0014778,0.95419775238455,0.9443723345076951,0.9586824067022087,0.9540241152828154
ISIC_0014779,0.8646090977524464,0.8800029187493159,0.8324417601380502,0.8775889054708259
ISIC_0014782,0.9648180475359204,0.9659148037671348,0.9695103783891151,0.9725940089228807
ISIC_0014783,0.9779693486590038,0.9766359119943223,0.9702162832346053,0.9633829047188673
ISIC_0014785,0.9570333018174177,0.9582250930281542,0.9586834980132917,0.9447363034727434
ISIC_0014788,0.9672314801848482,0.9803629469122427,0.9756670814323241,0.9603622431208637
ISIC_0014791,0.9846064125773021,0.9832123744593504,0.9852119378218112,0.9834747981538537
ISIC_0014793,0.907232568211347,0.8816326530612245,0.9173997185080929,0.9477761836441895
ISIC_0014794,0.983664512983055,0.9549346201743462,0.977591204397801,0.973766447368421
ISIC_0014795,0.9277691048242774,0.9047759651583377,0.909530361060499,0.9390793663923238
ISIC_0014797,0.955676080044885,0.9352363960749331,0.9506775067750678,0.5709720372836219
ISIC_0014802,0.9790499390986601,0.9743157894736841,0.979296946147775,0.9696713388110199
ISIC_0014803,0.9569132811608174,0.9508594894394851,0.9500525499224263,0.9351982959232673
ISIC_0014804,0.9371829355486704,0.9415784079262043,0.9498105054369002,0.9214320115588377
ISIC_0014805,0.9648790746582545,0.9525959367945825,0.9587821043910523,0.9437725440271589
ISIC_0014806,0.9445040115354751,0.9502778484001019,0.958912164645351,0.9099533687087956
ISIC_0014808,0.9611798609933886,0.9696492189640997,0.9734183761420445,0.97075738036318
ISIC_0014809,0.9622607601761165,0.9467272807520853,0.9342151061608075,0.9434147210835858
ISIC_0014811,0.9557522123893806,0.9533275100923063,0.9503073038258135,0.954579792256846
ISIC_0014812,0.9228227060653188,0.9339972661589534,0.9264620729588883,0.9386134582103227
ISIC_0014818,0.9405567158130981,0.942484231561856,0.9457378925418999,0.9376126826235623
ISIC_0014819,0.9394592007657335,0.9315142753885074,0.9229047778896722,0.8985418800810794
ISIC_0014821,0.962788144895719,0.96569222283508,0.9632680320569902,0.9630887185104052
ISIC_0014823,0.9498055195406557,0.9442495846409451,0.9481937832539904,0.6970329160871581
ISIC_0014825,0.9613856974018175,0.959214005829328,0.9549674220146457,0.9683153321908256
ISIC_0014829,0.9396887159533073,0.9069659442724458,0.8891586374326682,0.9378632828489563
ISIC_0014830,0.9648461429715848,0.9435058312269966,0.9286472665814393,0.9375992840362457
ISIC_0014831,0.9509969998163152,0.9422356183941779,0.9162198004958773,0.849433490288405
ISIC_0014832,0.9039466197693063,0.897632133134727,0.9038948947395645,0.9454106822262118
ISIC_0014834,0.9747232906821572,0.963963280479478,0.9704829709447759,0.9449233135041075
ISIC_0014836,0.9688219724313362,0.9757660451958144,0.9807289201433498,0.9666403270690899
ISIC_0014838,0.9596993178356182,0.9454912516823688,0.9350873884068904,0.9328987369542734
ISIC_0014839,0.8870734744707348,0.8546832600355573,0.8569268569268569,0.8850511051810079
ISIC_0014843,0.9676036738101864,0.9724502417631846,0.9679241144862375,0.9375952168788986
ISIC_0014845,0.9581256231306082,0.9518196552232209,0.9650617595160071,0.9579511852854208
ISIC_0014846,0.9686363829275539,0.9656101538679714,0.9644954428471896,0.9677995937711579
ISIC_0014848,0.9680598029221883,0.9488160143217512,0.9518210027764169,0.9557772236076475
ISIC_0014849,0.8707842212792708,0.838498789346247,0.8809084547363064,0.9039604621652307
ISIC_0014850,0.9300894854586129,0.9503621955369731,0.9452918250493192,0.8858765341637662
ISIC_0014851,0.9321064411837853,0.8935529859021069,0.8932177218196935,0.959013484740951
ISIC_0014855,0.9005715072643394,0.9141108332236408,0.9432775674685554,0.939378440987996
ISIC_0014857,0.942093185917809,0.9020739814762203,0.9567364725820119,0.9656980447885528
ISIC_0014860,0.9417451191002716,0.940707490285408,0.9468272046859747,0.9576628039823732
ISIC_0014866,0.9600427840171136,0.9716416750835211,0.9256168227705092,0.9691072346821724
ISIC_0014869,0.9042190109650716,0.8942303088340914,0.8893015283530924,0.8938831252845197
ISIC_0014890,0.9653567735263702,0.9488278295941518,0.9631845973721868,0.9490033652601605
ISIC_0014891,0.9442111228982896,0.9366061960851746,0.9484179468918507,0.9405095298947769
ISIC_0014897,0.9653282170755105,0.9629499929962181,0.9634238569955311,0.9681537358773937
ISIC_0014898,0.939176888919135,0.951603458372085,0.9317665280560279,0.977579622489813
ISIC_0014903,0.8574887349519134,0.8322721781434683,0.8521303258145363,0.9094156308044007
ISIC_0014904,0.9539748953974896,0.9554063291648236,0.9340625481435835,0.9680346960083529
ISIC_0014908,0.9412714647144318,0.9194442919114821,0.9581548939683194,0.8796641791044776
ISIC_0014911,0.9552115056523749,0.9590252622665476,0.9554598825831702,0.9592481594892176
ISIC_0014913,0.9554896142433233,0.9352002849163058,0.932716003285789,0.9680821647244716
ISIC_0014915,0.8978319903841874,0.9083729938294773,0.9062097474762603,0.9049253371868978
ISIC_0014919,0.9704952125124561,0.9741509515384282,0.9742741479127671,0.9602082230457032
ISIC_0014920,0.9473973808737758,0.9721510336579532,0.9469007131102578,0.8924731182795699
ISIC_0014922,0.9687719765077072,0.9467630688437286,0.9538002980625931,0.9613556112283747
ISIC_0014923,0.9633393829401089,0.9534635879218473,0.9654291708473957,0.9367202226012028
ISIC_0014925,0.9782870075677205,0.9746399719002459,0.9716446124763705,0.9503736077823206
ISIC_0014926,0.957314974182444,0.938314509122502,0.9400505448067283,0.9504924719052371
ISIC_0014929,0.9568134171907756,0.9381749460043196,0.9499655410062027,0.9369149369149369
ISIC_0014930,0.9728685912909144,0.9700120336943441,0.968857142857143,0.9611075779071474
ISIC_0014931,0.9279881656804734,0.9334710743801654,0.927027580357404,0.893703025326849
ISIC_0014933,0.9668952471033341,0.9512333750142092,0.9700035289965886,0.8185597425238031
ISIC_0014937,0.9728683361499462,0.9740931595432959,0.9735569688822904,0.9735522835826788
ISIC_0014945,0.9560632688927944,0.9610929610929609,0.9553767373811266,0.9422692197770791
ISIC_0014946,0.9636229363699169,0.96968824249406,0.9698060675883257,0.9665055663757244
ISIC_0014951,0.941588468130757,0.9402898693494564,0.9114939646835488,0.9556794687049683
ISIC_0014975,0.8495893681078865,0.8717647504642085,0.8855717632831986,0.7452627078529874
ISIC_0014979,0.8134527058510286,0.848516860804537,0.8901309394476528,0.43671982586291147
ISIC_0014983,0.9473854295005151,0.9263502454991817,0.9209061691620286,0.9558811390837804
ISIC_0014985,0.8185928836733596,0.8569182795144705,0.8288394578573279,0.8803558996023271
ISIC_0014987,0.925716768027802,0.9520769529396541,0.9065051985818428,0.8986325329941168
ISIC_0014989,0.922330374218594,0.9212572423523762,0.9132546450556276,0.8203777789031246
ISIC_0015005,0.5155193754165478,0.4368088161111327,0.45676958156159486,0.8664251109392175
ISIC_0015006,0.9743721387926239,0.9586588255946633,0.964992389649924,0.9780129942773547
ISIC_0015032,0.9457121405020731,0.9281482707264603,0.932321481142259,0.9123335690784417
ISIC_0015038,0.9750924258223528,0.9827168507806977,0.9818670405421195,0.9569055846616877
ISIC_0015043,0.9697595922022456,0.922240454556587,0.9366715758468336,0.9544109201749348
ISIC_0015044,0.9750948166877369,0.9679697664333065,0.9731793571808595,0.9534559289790743
ISIC_0015045,0.9565857789888427,0.9468872202537223,0.9456293072179907,0.9558503777409251
ISIC_0015062,0.9756133083047447,0.9670231220934494,0.6229741412328602,0.9871265872287445
ISIC_0015079,0.972529465095195,0.9575820024042588,0.9723554946310259,0.9501507894270003
ISIC_0015082,0.8509849490925189,0.8087293761914153,0.8610862262038075,0.8700867031583711
ISIC_0015108,0.9173085636610785,0.9502664647696211,0.9244741512782749,0.9361510791366907
ISIC_0015109,0.9299748733369032,0.9053214099530817,0.8876150841169196,0.8702246001655152
ISIC_0015110,0.8585424978536437,0.8276332124339719,0.8588678101396924,0.912512272281008
ISIC_0015112,0.9439924906132666,0.9367935803312276,0.938697973713034,0.9232083912803069
ISIC_0015113,0.9704672080404938,0.9700994240011739,0.9684647001054814,0.9670209668025626
ISIC_0015124,0.9609267261193344,0.9610898537865764,0.9652190051967334,0.9628796400449944
ISIC_0015144,0.954279362726936,0.9502005103900838,0.9576965669988926,0.9617304492512478
ISIC_0015153,0.9535246787558544,0.9454676620722069,0.9496319846696573,0.9382693461002857
ISIC_0015158,0.9498922788241017,0.9363558352402745,0.9294220156839966,0.9390866594750089
ISIC_0015166,0.9587874273314657,0.9602822676774901,0.9617173638528796,0.9527358173883854
ISIC_0015168,0.9735427111505447,0.972264663441134,0.9691968730801007,0.9666271494067166
ISIC_0015170,0.9228414912728159,0.8863278758239422,0.8820703811075609,0.9550978322244863
ISIC_0015181,0.8690418540297474,0.8540180694246314,0.8551030121710751,0.9030773655450101
ISIC_0015182,0.9586993786158132,0.9446533273735966,0.9677384076990376,0.9325465935379897
ISIC_0015189,0.8634754098360656,0.871845123017029,0.8449475116141782,0.9319315347993652
ISIC_0015190,0.9128186667539352,0.8673466214745482,0.9311994113318617,0.9338077787809584
ISIC_0015200,0.935553788679163,0.9341178491668097,0.9245342185793531,0.9402714651039996
ISIC_0015204,0.9044478905491384,0.9147762289068233,0.8984868771505493,0.9007781258571655
ISIC_0015211,0.8917969016583635,0.8881408866140366,0.8906036908522796,0.796790109236115
ISIC_0015219,0.9604801578601184,0.9480903711672941,0.9555006180469715,0.9682912669670749
ISIC_0015220,0.9311772441673566,0.9481892047599181,0.9410663803548034,0.9252939239574658
ISIC_0015233,0.8466534877153347,0.8798081863332762,0.783602650979224,0.6917931669804142
ISIC_0015243,0.8449174292899179,0.8687937937937938,0.8895482437312189,0.9327177868591819
ISIC_0015256,0.9420933377188175,0.952302063919376,0.9507972869783946,0.9356557762922512
ISIC_0015260,0.9603151229568547,0.9488318347596865,0.9607390300230948,0.9761445692034327
ISIC_0015284,0.7823248332308275,0.8077109546346531,0.8173921036907662,0.7179961990156426
ISIC_0015295,0.9771397297183514,0.9729278522625391,0.9740335400108193,0.9773981791555296
ISIC_0015313,0.941293214558644,0.9486401361013403,0.9472681359044995,0.9799051274105504
ISIC_0015372,0.983093948669649,0.987964605127135,0.9861229758718227,0.9727354576058874
ISIC_0015401,0.8571509599841185,0.9000953175265102,0.8887190191985417,0.9542312959836927
ISIC_0015443,0.9395277034035265,0.9285609720392329,0.9399773499433749,0.9744354210701969
ISIC_0015445,0.6598190266568843,0.6958152619856992,0.6900039436750413,0.47081372079258155
ISIC_0015483,0.9341607067732437,0.8929205192864481,0.9232586165341046,0.6877422350818911
ISIC_0015496,0.9759128176401691,0.9654901189656867,0.9689003521650711,0.9525447542452944
ISIC_0015627,0.934724045036955,0.9310968819599109,0.9342350424401352,0.9294203572139964
